<?xml version="1.0" encoding="UTF-8"?>
<project-private xmlns="http://www.netbeans.org/ns/project-private/1">
    <editor-bookmarks xmlns="http://www.netbeans.org/ns/editor-bookmarks/2" lastBookmarkId="0"/>
    <open-files xmlns="http://www.netbeans.org/ns/projectui-open-files/2">
        <group>
            <file>file:/media/jeff/_data/BOULOT/Enseignements/Année%202018-2019/S-%20Cours%20Licence/S2-%20Java/03.%20TP/TP5%20Collection%20d'objets%20-%20Pizzeria/TP8/src/tp5/LigneDeCommande.java</file>
            <file>file:/media/jeff/_data/BOULOT/Enseignements/Année%202018-2019/S-%20Cours%20Licence/S2-%20Java/03.%20TP/TP5%20Collection%20d'objets%20-%20Pizzeria/TP8/src/tp5/TraitementCommande.java</file>
        </group>
    </open-files>
</project-private>
