<?xml version="1.0" encoding="UTF-8"?>
<project-private xmlns="http://www.netbeans.org/ns/project-private/1">
    <editor-bookmarks xmlns="http://www.netbeans.org/ns/editor-bookmarks/2" lastBookmarkId="0"/>
    <open-files xmlns="http://www.netbeans.org/ns/projectui-open-files/2">
        <group>
            <file>file:/D:/Julien/Documents/Java/2%20-%20listes%20chainees,%20arbres,%20recursivite/TEA/QuadTree/src/LancerFenetre.java</file>
            <file>file:/D:/Julien/Documents/Java/2%20-%20listes%20chainees,%20arbres,%20recursivite/TEA/QuadTree/src/ArbreQT.java</file>
            <file>file:/D:/Julien/Documents/Java/2%20-%20listes%20chainees,%20arbres,%20recursivite/TEA/QuadTree/src/Fenetre.java</file>
            <file>file:/D:/Julien/Documents/Java/2%20-%20listes%20chainees,%20arbres,%20recursivite/TEA/QuadTree/src/ReprUnique.java</file>
            <file>file:/D:/Julien/Documents/Java/2%20-%20listes%20chainees,%20arbres,%20recursivite/TEA/QuadTree/src/LireQT.java</file>
            <file>file:/D:/Julien/Documents/Java/2%20-%20listes%20chainees,%20arbres,%20recursivite/TEA/QuadTree/src/TestQuadTree.java</file>
        </group>
    </open-files>
</project-private>
