<?xml version="1.0" encoding="UTF-8"?>
<project-private xmlns="http://www.netbeans.org/ns/project-private/1">
    <editor-bookmarks xmlns="http://www.netbeans.org/ns/editor-bookmarks/2" lastBookmarkId="0"/>
    <open-files xmlns="http://www.netbeans.org/ns/projectui-open-files/2">
        <group>
            <file>file:/C:/Users/prodrigu/Dropbox/00%202017/Java%20S2/TP9%20et%2010%20-%20Guerrier/Correction/TP9Guerriers/src/tp9guerriers/Test.java</file>
            <file>file:/C:/Users/prodrigu/Dropbox/00%202017/Java%20S2/TP9%20et%2010%20-%20Guerrier/Correction/TP9Guerriers/src/tp9guerriers/Guerrier.java</file>
            <file>file:/C:/Users/prodrigu/Dropbox/00%202017/Java%20S2/TP9%20et%2010%20-%20Guerrier/Correction/TP9Guerriers/src/tp9guerriers/Clan.java</file>
        </group>
    </open-files>
</project-private>
