LAT,LON,Num
46.056425,-1.083614,1
46.056455,-1.083547,2
46.056377,-1.083457,3
46.056393,-1.083334,4
46.056356,-1.083223,5
46.056388,-1.083104,6
46.056414,-1.082966,7
46.056396,-1.082829,8
46.056431,-1.082707,9
46.056494,-1.082606,10
46.056553,-1.082525,11
46.05663,-1.082425,12
46.056698,-1.082347,13
46.05676,-1.082272,14
46.056823,-1.082196,15
46.056895,-1.082122,16
46.056964,-1.082043,17
46.057026,-1.081951,18
46.057099,-1.081868,19
46.057198,-1.08186,20
46.057294,-1.081877,21
46.057385,-1.081862,22
46.057465,-1.081821,23
46.057561,-1.081817,24
46.057658,-1.081794,25
46.057734,-1.081842,26
46.057754,-1.081975,27
46.057764,-1.0821,28
46.057774,-1.082244,29
46.057771,-1.08237,30
46.05779,-1.08249,31
46.0578,-1.082615,32
46.057836,-1.082746,33
46.057878,-1.082862,34
46.057882,-1.082986,35
46.057887,-1.083121,36
46.057915,-1.083245,37
46.057929,-1.083371,38
46.057947,-1.083499,39
46.057959,-1.083622,40
46.057959,-1.083764,41
46.05797,-1.083898,42
46.057953,-1.084018,43
46.057953,-1.084142,44
46.057957,-1.084271,45
46.05796,-1.084389,46
46.057995,-1.084526,47
46.058014,-1.08464,48
46.058028,-1.084761,49
46.058056,-1.084897,50
46.058082,-1.085024,51
46.058098,-1.08514,52
46.058106,-1.085293,53
46.058148,-1.085407,54
46.058215,-1.085483,55
46.058252,-1.085596,56
46.058276,-1.085721,57
46.058306,-1.085834,58
46.058318,-1.085953,59
46.05835,-1.086084,60
46.058414,-1.086175,61
46.058492,-1.086254,62
46.058541,-1.086356,63
46.058602,-1.086453,64
46.058687,-1.086496,65
46.058773,-1.08651,66
46.058869,-1.08648,67
46.058968,-1.086468,68
46.059066,-1.086458,69
46.05917,-1.086438,70
46.059253,-1.086425,71
46.059352,-1.086389,72
46.05944,-1.086383,73
46.059529,-1.086382,74
46.059624,-1.086308,75
46.05967,-1.086187,76
46.05965,-1.086058,77
46.059625,-1.085923,78
46.059609,-1.085777,79
46.059598,-1.085642,80
46.059597,-1.085509,81
46.059593,-1.085384,82
46.059597,-1.085255,83
46.059581,-1.085135,84
46.059555,-1.085013,85
46.059541,-1.084868,86
46.059533,-1.084738,87
46.05953,-1.084598,88
46.059551,-1.08447,89
46.059581,-1.084345,90
46.059578,-1.084202,91
46.05958,-1.084062,92
46.059565,-1.083937,93
46.059518,-1.083818,94
46.059473,-1.083698,95
46.05944,-1.083586,96
46.059415,-1.083453,97
46.059399,-1.083337,98
46.059388,-1.083211,99
46.059366,-1.08308,100
46.059413,-1.082965,101
46.059491,-1.082913,102
46.059579,-1.082886,103
46.059682,-1.082835,104
46.059718,-1.082715,105
46.059728,-1.082585,106
46.059737,-1.082443,107
46.059739,-1.08232,108
46.059756,-1.0822,109
46.059771,-1.082053,110
46.059773,-1.081918,111
46.059779,-1.081774,112
46.059791,-1.081643,113
46.059809,-1.081509,114
46.059835,-1.081376,115
46.05985,-1.081237,116
46.059877,-1.08112,117
46.059902,-1.080998,118
46.059912,-1.080857,119
46.059937,-1.080722,120
46.059961,-1.080598,121
46.059989,-1.080458,122
46.060012,-1.080332,123
46.060034,-1.080188,124
46.060042,-1.08007,125
46.060075,-1.079933,126
46.060099,-1.079811,127
46.060091,-1.079675,128
46.060104,-1.079531,129
46.060136,-1.079415,130
46.060161,-1.079285,131
46.06018,-1.079164,132
46.060211,-1.079033,133
46.060236,-1.078895,134
46.060249,-1.078767,135
46.060277,-1.078637,136
46.06029,-1.07851,137
46.060313,-1.078377,138
46.060331,-1.078253,139
46.060341,-1.078129,140
46.060365,-1.077995,141
46.060308,-1.077902,142
46.060219,-1.077851,143
46.060138,-1.077797,144
46.060058,-1.077719,145
46.059979,-1.077659,146
46.0599,-1.077618,147
46.059815,-1.077592,148
46.05974,-1.07753,149
46.059651,-1.077488,150
46.059612,-1.077366,151
46.059598,-1.07723,152
46.059526,-1.07713,153
46.059434,-1.077102,154
46.059347,-1.077065,155
46.059253,-1.077039,156
46.059163,-1.077022,157
46.059075,-1.076987,158
46.058987,-1.076931,159
46.058886,-1.076904,160
46.058801,-1.076931,161
46.058717,-1.076987,162
46.058649,-1.077083,163
46.05862,-1.077216,164
46.058585,-1.077355,165
46.058575,-1.077474,166
46.058546,-1.077593,167
46.058484,-1.077702,168
46.058442,-1.077823,169
46.058406,-1.07793,170
46.058358,-1.078031,171
46.05832,-1.078151,172
46.058299,-1.078273,173
46.058291,-1.078399,174
46.058273,-1.078531,175
46.058262,-1.078671,176
46.058256,-1.078818,177
46.058244,-1.078956,178
46.058231,-1.079094,179
46.058216,-1.079228,180
46.058207,-1.079345,181
46.058183,-1.079483,182
46.058142,-1.079623,183
46.058085,-1.079734,184
46.058035,-1.079854,185
46.057959,-1.079948,186
46.057902,-1.080063,187
46.057865,-1.08017,188
46.057843,-1.080283,189
46.05784,-1.080424,190
46.057861,-1.08054,191
46.057889,-1.080653,192
46.057893,-1.080771,193
46.0579,-1.08091,194
46.057901,-1.081039,195
46.057901,-1.081172,196
46.057899,-1.081301,197
46.057884,-1.081423,198
46.057872,-1.081539,199
46.057871,-1.081663,200
46.057883,-1.081786,201
46.057896,-1.081928,202
46.057905,-1.082057,203
46.057919,-1.082176,204
46.05793,-1.082325,205
46.057961,-1.082447,206
46.057987,-1.082571,207
46.058021,-1.082683,208
46.057968,-1.08279,209
46.057904,-1.082864,210
46.05782,-1.082915,211
46.057729,-1.082945,212
46.05764,-1.082919,213
46.057556,-1.082948,214
46.057476,-1.08298,215
46.057394,-1.083006,216
46.057297,-1.083012,217
46.057211,-1.083017,218
46.057127,-1.083017,219
46.057035,-1.083006,220
46.05694,-1.083008,221
46.056849,-1.083033,222
46.056769,-1.083062,223
46.056681,-1.08307,224
46.0566,-1.083102,225
46.056515,-1.083111,226
46.05642,-1.083114,227
46.056343,-1.08318,228
46.056241,-1.083206,229
46.056159,-1.083225,230
46.056068,-1.083247,231
46.055976,-1.083279,232
46.055888,-1.083341,233
46.055802,-1.083403,234
46.055718,-1.083473,235
46.05564,-1.083551,236
46.055555,-1.083611,237
46.055468,-1.083665,238
46.055388,-1.083708,239
46.055306,-1.083779,240
46.055229,-1.083848,241
46.055152,-1.083922,242
46.055077,-1.083977,243
46.055003,-1.084035,244
46.054923,-1.084098,245
46.054928,-1.08423,246
46.054931,-1.084348,247
46.054946,-1.084485,248
46.054964,-1.084612,249
46.054976,-1.084742,250
46.05504,-1.084862,251
46.05513,-1.084889,252
46.055219,-1.08489,253
46.05532,-1.084867,254
46.055427,-1.08483,255
46.055527,-1.084816,256
46.055615,-1.084808,257
46.055707,-1.08479,258
46.055795,-1.084775,259
46.055875,-1.084758,260
46.055962,-1.08475,261
46.056051,-1.084724,262
46.056132,-1.084698,263
46.056218,-1.08468,264
46.056308,-1.084664,265
46.056393,-1.084668,266
46.056492,-1.084643,267
46.056579,-1.084615,268
46.056664,-1.084599,269
46.05675,-1.084601,270
46.056841,-1.084607,271
46.056934,-1.084582,272
46.057018,-1.084553,273
46.057122,-1.084532,274
46.057214,-1.084535,275
46.057305,-1.084522,276
46.05739,-1.084512,277
46.057479,-1.084517,278
46.057558,-1.08449,279
46.057651,-1.084473,280
46.057743,-1.08445,281
46.057834,-1.084441,282
46.057933,-1.084422,283
46.058029,-1.084446,284
46.058111,-1.08444,285
46.058107,-1.084565,286
46.058111,-1.084693,287
46.058121,-1.084824,288
46.058137,-1.084955,289
46.058166,-1.085081,290
46.058188,-1.085219,291
46.058208,-1.085352,292
46.058228,-1.085495,293
46.058254,-1.085634,294
46.05827,-1.085756,295
46.058312,-1.085871,296
46.058336,-1.085983,297
46.058365,-1.086112,298
46.05843,-1.086189,299
46.05849,-1.086275,300
46.058541,-1.086377,301
46.058607,-1.086466,302
46.0587,-1.086508,303
46.058799,-1.086505,304
46.058897,-1.086497,305
46.058983,-1.086477,306
46.059076,-1.086452,307
46.059169,-1.086446,308
46.059255,-1.086429,309
46.059358,-1.086403,310
46.059453,-1.08639,311
46.059546,-1.086383,312
46.059627,-1.086342,313
46.059679,-1.086218,314
46.059663,-1.08609,315
46.059636,-1.085966,316
46.059603,-1.085835,317
46.059588,-1.08572,318
46.059578,-1.085573,319
46.059583,-1.085445,320
46.059574,-1.085306,321
46.059558,-1.085185,322
46.059557,-1.085049,323
46.059562,-1.084923,324
46.059569,-1.084787,325
46.05957,-1.084651,326
46.059549,-1.084528,327
46.059546,-1.084399,328
46.059545,-1.08428,329
46.059551,-1.084138,330
46.059542,-1.083994,331
46.059517,-1.083871,332
46.059496,-1.083737,333
46.059511,-1.083611,334
46.059533,-1.083487,335
46.059555,-1.083359,336
46.059575,-1.083232,337
46.059596,-1.083106,338
46.059632,-1.082985,339
46.059662,-1.082867,340
46.059704,-1.082744,341
46.059725,-1.082619,342
46.059747,-1.082487,343
46.059775,-1.082352,344
46.059814,-1.082236,345
46.059861,-1.082112,346
46.059906,-1.081996,347
46.059965,-1.081903,348
46.060024,-1.081805,349
46.060093,-1.081725,350
46.060169,-1.081665,351
46.060258,-1.081615,352
46.060284,-1.081585,353
46.060233,-1.081493,354
46.060233,-1.081493,355
46.060239,-1.081353,356
46.060233,-1.081229,357
46.060219,-1.081106,358
46.060232,-1.080981,359
46.060258,-1.080864,360
46.060282,-1.080749,361
46.060306,-1.08061,362
46.060314,-1.080486,363
46.060324,-1.080363,364
46.060347,-1.080244,365
46.060369,-1.080112,366
46.060364,-1.079968,367
46.060386,-1.079836,368
46.060415,-1.079727,369
46.060455,-1.079611,370
46.06049,-1.079494,371
46.06052,-1.079364,372
46.060537,-1.07922,373
46.060545,-1.079095,374
46.060565,-1.078968,375
46.060585,-1.078854,376
46.060611,-1.078717,377
46.060631,-1.078594,378
46.060649,-1.078457,379
46.06066,-1.078321,380
46.060653,-1.078202,381
46.06061,-1.07809,382
46.060551,-1.078006,383
46.060467,-1.077939,384
46.060374,-1.077922,385
46.060292,-1.07789,386
46.060207,-1.077836,387
46.060114,-1.077762,388
46.060038,-1.077676,389
46.059952,-1.07762,390
46.059871,-1.077579,391
46.059785,-1.077543,392
46.059708,-1.077484,393
46.059642,-1.077391,394
46.059626,-1.077273,395
46.059597,-1.077135,396
46.05952,-1.077085,397
46.05943,-1.077075,398
46.059347,-1.077079,399
46.059254,-1.077076,400
46.059172,-1.077048,401
46.05908,-1.076994,402
46.059004,-1.076941,403
46.058911,-1.076919,404
46.058829,-1.076927,405
46.058745,-1.076963,406
46.058684,-1.077044,407
46.058663,-1.077162,408
46.058649,-1.077301,409
46.058622,-1.077421,410
46.058587,-1.07753,411
46.058546,-1.077654,412
46.058506,-1.077762,413
46.058457,-1.077873,414
46.058415,-1.077983,415
46.058372,-1.078087,416
46.058319,-1.07822,417
46.058288,-1.078351,418
46.058289,-1.078491,419
46.058274,-1.078616,420
46.058267,-1.078749,421
46.058265,-1.078887,422
46.058248,-1.079011,423
46.058243,-1.079137,424
46.058224,-1.079281,425
46.058199,-1.079399,426
46.058163,-1.079511,427
46.05812,-1.079637,428
46.058072,-1.079731,429
46.058019,-1.079859,430
46.057961,-1.079978,431
46.057924,-1.080115,432
46.057887,-1.08022,433
46.057873,-1.080352,434
46.05787,-1.080477,435
46.057885,-1.080616,436
46.057902,-1.080733,437
46.057914,-1.080858,438
46.057914,-1.080992,439
46.057916,-1.081122,440
46.05791,-1.081244,441
46.057908,-1.081384,442
46.057917,-1.081516,443
46.057914,-1.081657,444
46.057915,-1.081785,445
46.057915,-1.081925,446
46.057924,-1.08206,447
46.05793,-1.082198,448
46.057942,-1.08234,449
46.057969,-1.082469,450
46.057989,-1.082585,451
46.057999,-1.082725,452
46.057925,-1.082806,453
46.057856,-1.08287,454
46.05777,-1.082939,455
46.057686,-1.082927,456
46.057593,-1.082914,457
46.057499,-1.082931,458
46.057408,-1.082966,459
46.057323,-1.082982,460
46.057227,-1.083004,461
46.057131,-1.083028,462
46.057032,-1.083052,463
46.056931,-1.083085,464
46.056844,-1.083104,465
46.056741,-1.083116,466
46.05664,-1.083101,467
46.056553,-1.083133,468
46.056457,-1.083157,469
46.056352,-1.083181,470
46.056258,-1.083197,471
46.056167,-1.083225,472
46.056079,-1.083261,473
46.055997,-1.083295,474
46.055916,-1.083352,475
46.055837,-1.0834,476
46.055757,-1.083479,477
46.055695,-1.083559,478
46.055609,-1.083624,479
46.055531,-1.083664,480
46.055444,-1.083703,481
46.055363,-1.083749,482
46.05528,-1.08379,483
46.055198,-1.083839,484
46.055123,-1.083902,485
46.055035,-1.083971,486
46.054956,-1.084045,487
46.054879,-1.084107,488
46.054798,-1.084189,489
46.054712,-1.084269,490
46.054629,-1.084324,491
46.054547,-1.08438,492
46.05446,-1.084436,493
46.054361,-1.084477,494
46.054284,-1.084516,495
46.05419,-1.084529,496
46.054098,-1.084483,497
46.054035,-1.08441,498
46.053973,-1.084333,499
46.0539,-1.084239,500
46.053808,-1.084306,501
46.053726,-1.08439,502
46.053649,-1.084469,503
46.053577,-1.084553,504
46.053506,-1.084653,505
46.05343,-1.08471,506
46.053338,-1.084731,507
46.053255,-1.084741,508
46.053166,-1.084746,509
46.05309,-1.084793,510
46.053059,-1.084911,511
46.053061,-1.085037,512
46.053065,-1.085158,513
46.053076,-1.08529,514
46.053082,-1.085413,515
46.05309,-1.085536,516
46.053101,-1.085668,517
46.053117,-1.08581,518
46.05315,-1.085938,519
46.053182,-1.08606,520
46.053223,-1.086186,521
46.053267,-1.086286,522
46.053309,-1.086412,523
46.053344,-1.086543,524
46.053389,-1.086653,525
46.053405,-1.086789,526
46.053414,-1.086924,527
46.053423,-1.087059,528
46.053432,-1.0872,529
46.053443,-1.087333,530
46.053454,-1.087458,531
46.053459,-1.08758,532
46.053454,-1.087714,533
46.053464,-1.087858,534
46.053477,-1.087998,535
46.053486,-1.088135,536
46.053539,-1.088231,537
46.053627,-1.088295,538
46.053681,-1.088385,539
46.053725,-1.088499,540
46.053781,-1.088587,541
46.053846,-1.088659,542
46.053914,-1.088734,543
46.053958,-1.088845,544
46.053988,-1.088976,545
46.054049,-1.089065,546
46.054152,-1.089072,547
46.054248,-1.08906,548
46.054333,-1.089037,549
46.05443,-1.089028,550
46.054503,-1.088977,551
46.054581,-1.088932,552
46.054678,-1.088926,553
46.054775,-1.08893,554
46.054857,-1.08895,555
46.054954,-1.088942,556
46.055039,-1.088926,557
46.055143,-1.088918,558
46.055202,-1.089,559
46.055259,-1.089097,560
46.055334,-1.08918,561
46.055425,-1.089243,562
46.055506,-1.08929,563
46.055591,-1.089313,564
46.055686,-1.08928,565
46.055773,-1.089258,566
46.055861,-1.089255,567
46.05596,-1.08924,568
46.056057,-1.089212,569
46.056147,-1.089177,570
46.056225,-1.089105,571
46.056307,-1.08906,572
46.056389,-1.089028,573
46.056492,-1.089,574
46.056575,-1.088985,575
46.056682,-1.089013,576
46.056765,-1.089005,577
46.056849,-1.089002,578
46.056944,-1.08903,579
46.057019,-1.089083,580
46.057096,-1.08915,581
46.057165,-1.089234,582
46.057235,-1.089294,583
46.057324,-1.089335,584
46.057421,-1.089334,585
46.057512,-1.089345,586
46.057598,-1.089334,587
46.057679,-1.089319,588
46.05777,-1.089308,589
46.057865,-1.089302,590
46.057947,-1.089304,591
46.058041,-1.089284,592
46.058129,-1.089273,593
46.058217,-1.089262,594
46.0583,-1.08926,595
46.058382,-1.089263,596
46.058472,-1.089298,597
46.058559,-1.089355,598
46.058636,-1.089402,599
46.058714,-1.089459,600
46.058793,-1.089535,601
46.058873,-1.089615,602
46.058959,-1.089691,603
46.059049,-1.089743,604
46.059151,-1.089792,605
46.059236,-1.089844,606
46.059311,-1.0899,607
46.059383,-1.089962,608
46.059469,-1.090018,609
46.059557,-1.090078,610
46.059639,-1.090127,611
46.059724,-1.090163,612
46.059806,-1.090201,613
46.059901,-1.090247,614
46.059993,-1.090304,615
46.060084,-1.090353,616
46.060171,-1.090399,617
46.06026,-1.090444,618
46.060341,-1.090512,619
46.060419,-1.090582,620
46.060501,-1.090649,621
46.060569,-1.090713,622
46.060634,-1.090783,623
46.060715,-1.090854,624
46.060796,-1.090918,625
46.060865,-1.090989,626
46.06094,-1.091075,627
46.061004,-1.091154,628
46.061069,-1.091235,629
46.06114,-1.091322,630
46.061198,-1.091413,631
46.061261,-1.091507,632
46.061336,-1.091599,633
46.061402,-1.09168,634
46.06147,-1.091792,635
46.061524,-1.091904,636
46.061579,-1.092002,637
46.06164,-1.092116,638
46.061694,-1.092213,639
46.061766,-1.092315,640
46.061843,-1.092412,641
46.061916,-1.092505,642
46.061986,-1.09262,643
46.062054,-1.092696,644
46.062139,-1.09276,645
46.062221,-1.092834,646
46.062292,-1.092934,647
46.062377,-1.092989,648
46.062467,-1.092995,649
46.062551,-1.092962,650
46.062648,-1.092932,651
46.062742,-1.092926,652
46.062841,-1.092922,653
46.062924,-1.092916,654
46.063025,-1.092901,655
46.063112,-1.092896,656
46.0632,-1.092878,657
46.06329,-1.092866,658
46.063382,-1.092872,659
46.063477,-1.092871,660
46.063569,-1.092864,661
46.063651,-1.092861,662
46.063751,-1.092866,663
46.063854,-1.09286,664
46.063943,-1.092862,665
46.064025,-1.092868,666
46.064126,-1.092885,667
46.064229,-1.092872,668
46.064326,-1.092875,669
46.064426,-1.09288,670
46.064521,-1.092875,671
46.064611,-1.092887,672
46.064698,-1.092889,673
46.064784,-1.09289,674
46.06488,-1.092897,675
46.064969,-1.092897,676
46.065072,-1.092882,677
46.065155,-1.092863,678
46.065254,-1.092859,679
46.065347,-1.092856,680
46.065437,-1.092856,681
46.065541,-1.092838,682
46.065636,-1.09283,683
46.065732,-1.092801,684
46.06583,-1.092793,685
46.065923,-1.092802,686
46.066005,-1.09281,687
46.066092,-1.09279,688
46.066188,-1.092791,689
46.066286,-1.092798,690
46.066386,-1.092803,691
46.066472,-1.092804,692
46.066567,-1.092808,693
46.066664,-1.092818,694
46.066746,-1.092809,695
46.066827,-1.092814,696
46.066921,-1.0928,697
46.067005,-1.092783,698
46.067108,-1.092757,699
46.067214,-1.092753,700
46.067304,-1.092764,701
46.067392,-1.092768,702
46.06749,-1.092792,703
46.067581,-1.092818,704
46.067665,-1.092844,705
46.067757,-1.092859,706
46.067841,-1.092853,707
46.067931,-1.092843,708
46.068032,-1.09284,709
46.068131,-1.092829,710
46.068232,-1.092808,711
46.068336,-1.092795,712
46.068429,-1.092763,713
46.06852,-1.092774,714
46.068606,-1.092802,715
46.068704,-1.092812,716
46.068788,-1.092822,717
46.068883,-1.092831,718
46.068974,-1.09283,719
46.069077,-1.092834,720
46.06918,-1.092823,721
46.069265,-1.092826,722
46.069352,-1.092819,723
46.069437,-1.092827,724
46.069529,-1.092827,725
46.069615,-1.092816,726
46.069706,-1.092859,727
46.069784,-1.092905,728
46.069863,-1.092937,729
46.069952,-1.092977,730
46.070035,-1.09296,731
46.070128,-1.092976,732
46.070231,-1.092996,733
46.070326,-1.093019,734
46.070425,-1.093006,735
46.07051,-1.093019,736
46.070607,-1.093051,737
46.070699,-1.093059,738
46.070793,-1.09306,739
46.070885,-1.093069,740
46.07097,-1.093079,741
46.071056,-1.093079,742
46.071151,-1.093079,743
46.071242,-1.093105,744
46.07133,-1.093104,745
46.071422,-1.093128,746
46.071511,-1.09313,747
46.071607,-1.093109,748
46.071703,-1.093105,749
46.071801,-1.093106,750
46.071897,-1.093113,751
46.071983,-1.093115,752
46.072088,-1.093119,753
46.072173,-1.093122,754
46.072258,-1.093124,755
46.07236,-1.093136,756
46.07246,-1.093144,757
46.072551,-1.093153,758
46.072647,-1.093145,759
46.072733,-1.093153,760
46.072831,-1.093199,761
46.072923,-1.093203,762
46.073017,-1.093215,763
46.073099,-1.093221,764
46.073179,-1.093248,765
46.073271,-1.093266,766
46.073357,-1.093271,767
46.07345,-1.093291,768
46.073533,-1.093298,769
46.073618,-1.093304,770
46.073703,-1.093317,771
46.0738,-1.09334,772
46.073882,-1.093348,773
46.073979,-1.093374,774
46.074063,-1.093404,775
46.074154,-1.093426,776
46.074238,-1.093439,777
46.074332,-1.093445,778
46.074422,-1.093473,779
46.074512,-1.093477,780
46.07461,-1.093496,781
46.074704,-1.093523,782
46.07479,-1.09351,783
46.074884,-1.093526,784
46.074976,-1.093547,785
46.075064,-1.093548,786
46.075157,-1.093557,787
46.075256,-1.093564,788
46.075338,-1.093602,789
46.075432,-1.093629,790
46.07552,-1.093666,791
46.075602,-1.093688,792
46.075696,-1.093696,793
46.075798,-1.093699,794
46.07589,-1.09371,795
46.075971,-1.093737,796
46.076055,-1.093775,797
46.076147,-1.093812,798
46.076247,-1.093816,799
46.076329,-1.09382,800
46.076418,-1.093851,801
46.076506,-1.093871,802
46.076601,-1.093889,803
46.076702,-1.093893,804
46.076802,-1.093918,805
46.07689,-1.09395,806
46.076974,-1.093957,807
46.077069,-1.093959,808
46.077156,-1.093962,809
46.077244,-1.09398,810
46.077338,-1.094026,811
46.077428,-1.094047,812
46.077514,-1.094081,813
46.077601,-1.0941,814
46.077701,-1.094113,815
46.077798,-1.094137,816
46.077883,-1.094172,817
46.077971,-1.094185,818
46.07806,-1.094197,819
46.078152,-1.094224,820
46.078234,-1.094244,821
46.078326,-1.09427,822
46.078416,-1.094319,823
46.078489,-1.094369,824
46.078561,-1.094424,825
46.078653,-1.094465,826
46.078741,-1.094496,827
46.07882,-1.094533,828
46.07891,-1.094558,829
46.079003,-1.094604,830
46.079086,-1.094654,831
46.07917,-1.094691,832
46.079251,-1.094745,833
46.079336,-1.094793,834
46.079435,-1.094845,835
46.079534,-1.094896,836
46.079622,-1.094963,837
46.079702,-1.095002,838
46.079795,-1.095034,839
46.079877,-1.095103,840
46.079952,-1.095185,841
46.080029,-1.095242,842
46.080121,-1.095279,843
46.080205,-1.095304,844
46.080283,-1.095334,845
46.080378,-1.095358,846
46.080473,-1.095397,847
46.080563,-1.095414,848
46.08066,-1.095445,849
46.080743,-1.095465,850
46.080828,-1.095505,851
46.080912,-1.095555,852
46.081007,-1.095603,853
46.081089,-1.095664,854
46.081179,-1.095709,855
46.081276,-1.095726,856
46.081373,-1.095763,857
46.081463,-1.095795,858
46.081547,-1.095854,859
46.081642,-1.095911,860
46.081721,-1.095964,861
46.08181,-1.096023,862
46.081895,-1.096053,863
46.081975,-1.09608,864
46.082054,-1.096116,865
46.082124,-1.096176,866
46.082205,-1.096214,867
46.082286,-1.09626,868
46.082362,-1.096299,869
46.082444,-1.096331,870
46.082538,-1.096373,871
46.082622,-1.096403,872
46.082703,-1.096319,873
46.082745,-1.096184,874
46.082801,-1.096088,875
46.082827,-1.095931,876
46.082834,-1.095802,877
46.082883,-1.09568,878
46.082964,-1.095656,879
46.083059,-1.095658,880
46.08315,-1.095659,881
46.083217,-1.095757,882
46.083188,-1.095871,883
46.08316,-1.095982,884
46.083135,-1.096116,885
46.083112,-1.096251,886
46.083077,-1.096398,887
46.083061,-1.096513,888
46.083036,-1.096652,889
46.083009,-1.096782,890
46.083084,-1.096871,891
46.08317,-1.09692,892
46.083232,-1.097012,893
46.083293,-1.097114,894
46.083388,-1.097159,895
46.08347,-1.097159,896
46.08355,-1.097107,897
46.083631,-1.097075,898
46.083735,-1.097105,899
46.083841,-1.097142,900
46.083928,-1.097161,901
46.08401,-1.097181,902
46.084099,-1.097223,903
46.084187,-1.097251,904
46.084277,-1.097259,905
46.084363,-1.097265,906
46.084445,-1.097284,907
46.084536,-1.097313,908
46.084616,-1.097331,909
46.084712,-1.097358,910
46.08479,-1.097396,911
46.084878,-1.097433,912
46.084961,-1.097465,913
46.085051,-1.097505,914
46.085132,-1.097533,915
46.085224,-1.097581,916
46.085312,-1.097604,917
46.08541,-1.097631,918
46.085506,-1.097655,919
46.085593,-1.097667,920
46.085695,-1.097698,921
46.085791,-1.097723,922
46.085872,-1.09775,923
46.085964,-1.097782,924
46.086056,-1.097804,925
46.086155,-1.097821,926
46.086255,-1.097841,927
46.086337,-1.097868,928
46.086421,-1.097801,929
46.086387,-1.097767,930
46.086341,-1.097771,931
46.086341,-1.097771,932
46.086345,-1.09779,933
46.086334,-1.097895,934
46.086334,-1.097895,935
46.086253,-1.097925,936
46.086163,-1.097909,937
46.086082,-1.097886,938
46.085991,-1.097851,939
46.085897,-1.097835,940
46.085805,-1.097815,941
46.085715,-1.097798,942
46.08563,-1.097766,943
46.085544,-1.097745,944
46.085439,-1.097741,945
46.085341,-1.097719,946
46.085252,-1.09768,947
46.08516,-1.097642,948
46.085072,-1.097631,949
46.084985,-1.097603,950
46.084905,-1.097563,951
46.084822,-1.097528,952
46.084733,-1.097474,953
46.084641,-1.097436,954
46.084557,-1.097408,955
46.084471,-1.097398,956
46.08439,-1.097377,957
46.084296,-1.097374,958
46.084213,-1.097344,959
46.084127,-1.097309,960
46.084042,-1.097269,961
46.083946,-1.097247,962
46.083849,-1.097198,963
46.083762,-1.097159,964
46.08367,-1.097139,965
46.083585,-1.097143,966
46.083488,-1.09717,967
46.083395,-1.097189,968
46.083307,-1.09715,969
46.083245,-1.097033,970
46.083196,-1.096916,971
46.083134,-1.096837,972
46.083133,-1.096699,973
46.083138,-1.096559,974
46.083175,-1.096435,975
46.083196,-1.096318,976
46.083197,-1.096172,977
46.083236,-1.096062,978
46.083259,-1.095912,979
46.083245,-1.095773,980
46.083262,-1.095618,981
46.083271,-1.09548,982
46.083277,-1.095334,983
46.083268,-1.095191,984
46.083237,-1.095082,985
46.083225,-1.094948,986
46.08329,-1.094841,987
46.083278,-1.094704,988
46.083212,-1.09462,989
46.08313,-1.094583,990
46.083032,-1.094538,991
46.082957,-1.094459,992
46.08289,-1.094393,993
46.082832,-1.0943,994
46.082758,-1.094242,995
46.082667,-1.094266,996
46.082609,-1.094381,997
46.082565,-1.094489,998
46.082543,-1.094619,999
46.082507,-1.094748,1000
46.082478,-1.094873,1001
46.082421,-1.094999,1002
46.082336,-1.095022,1003
46.082248,-1.095028,1004
46.082156,-1.095006,1005
46.082081,-1.09496,1006
46.082004,-1.094909,1007
46.081938,-1.094838,1008
46.081848,-1.09477,1009
46.081771,-1.094716,1010
46.081688,-1.094659,1011
46.081617,-1.094583,1012
46.081588,-1.09444,1013
46.081621,-1.094309,1014
46.081659,-1.094188,1015
46.08167,-1.094063,1016
46.081681,-1.093942,1017
46.081678,-1.093811,1018
46.081712,-1.093675,1019
46.081683,-1.09354,1020
46.08161,-1.093474,1021
46.081531,-1.093432,1022
46.081448,-1.093388,1023
46.081368,-1.0933,1024
46.081296,-1.09322,1025
46.081204,-1.09316,1026
46.081124,-1.093108,1027
46.08104,-1.093064,1028
46.081013,-1.093203,1029
46.08099,-1.09332,1030
46.080957,-1.09345,1031
46.080923,-1.093558,1032
46.080884,-1.093666,1033
46.080825,-1.093788,1034
46.080772,-1.093877,1035
46.080763,-1.094006,1036
46.080701,-1.094083,1037
46.080609,-1.094045,1038
46.080523,-1.093955,1039
46.08044,-1.093924,1040
46.080351,-1.093885,1041
46.080262,-1.093836,1042
46.08018,-1.093787,1043
46.0801,-1.093738,1044
46.080058,-1.093636,1045
46.079995,-1.093496,1046
46.079991,-1.093344,1047
46.080004,-1.093222,1048
46.080023,-1.093092,1049
46.080067,-1.092983,1050
46.080119,-1.092869,1051
46.080147,-1.09275,1052
46.080165,-1.09263,1053
46.080179,-1.092511,1054
46.080134,-1.0924,1055
46.080041,-1.092357,1056
46.079951,-1.092308,1057
46.079877,-1.092242,1058
46.079794,-1.092174,1059
46.079724,-1.092104,1060
46.079645,-1.092032,1061
46.079553,-1.091981,1062
46.079463,-1.091935,1063
46.079371,-1.091871,1064
46.079296,-1.091815,1065
46.079189,-1.091825,1066
46.079106,-1.091803,1067
46.079029,-1.091757,1068
46.078935,-1.091746,1069
46.078852,-1.09174,1070
46.078829,-1.091861,1071
46.078802,-1.091986,1072
46.078772,-1.092104,1073
46.078737,-1.092218,1074
46.078688,-1.092348,1075
46.078625,-1.092452,1076
46.078577,-1.092568,1077
46.078549,-1.092679,1078
46.078619,-1.092747,1079
46.078709,-1.092788,1080
46.078781,-1.092848,1081
46.078788,-1.092981,1082
46.078772,-1.093101,1083
46.078718,-1.093211,1084
46.078674,-1.093316,1085
46.078618,-1.093423,1086
46.078578,-1.093531,1087
46.078536,-1.093667,1088
46.0785,-1.093815,1089
46.07851,-1.093958,1090
46.078533,-1.094112,1091
46.078515,-1.094231,1092
46.078435,-1.09431,1093
46.078353,-1.094346,1094
46.078264,-1.094349,1095
46.078172,-1.094327,1096
46.078075,-1.094295,1097
46.077991,-1.094269,1098
46.077907,-1.094246,1099
46.077804,-1.094228,1100
46.077699,-1.094188,1101
46.07759,-1.094178,1102
46.077498,-1.094148,1103
46.07741,-1.094131,1104
46.077327,-1.094108,1105
46.077238,-1.094099,1106
46.077142,-1.094094,1107
46.07704,-1.09409,1108
46.076955,-1.094071,1109
46.076867,-1.094045,1110
46.076777,-1.094023,1111
46.076687,-1.093992,1112
46.076599,-1.093951,1113
46.076509,-1.093929,1114
46.076407,-1.093926,1115
46.076321,-1.09393,1116
46.076222,-1.093896,1117
46.076135,-1.093874,1118
46.076034,-1.093862,1119
46.07593,-1.093838,1120
46.075829,-1.09383,1121
46.075745,-1.093828,1122
46.075656,-1.093808,1123
46.075552,-1.093776,1124
46.07546,-1.093745,1125
46.075374,-1.093721,1126
46.075289,-1.093707,1127
46.075205,-1.093688,1128
46.075111,-1.093674,1129
46.075019,-1.093657,1130
46.074928,-1.093618,1131
46.07484,-1.093594,1132
46.074749,-1.093574,1133
46.074649,-1.093564,1134
46.074566,-1.093565,1135
46.074484,-1.093556,1136
46.07439,-1.093547,1137
46.074302,-1.093547,1138
46.074219,-1.093543,1139
46.074118,-1.093532,1140
46.074035,-1.093517,1141
46.07395,-1.093506,1142
46.073854,-1.093467,1143
46.073848,-1.093318,1144
46.073873,-1.093191,1145
46.073899,-1.093067,1146
46.073952,-1.092954,1147
46.073965,-1.092834,1148
46.073973,-1.092691,1149
46.074009,-1.092561,1150
46.074023,-1.092427,1151
46.074049,-1.092284,1152
46.074103,-1.092193,1153
46.074143,-1.092073,1154
46.074168,-1.091949,1155
46.074167,-1.091803,1156
46.074156,-1.091686,1157
46.074142,-1.091554,1158
46.074151,-1.09139,1159
46.074149,-1.091259,1160
46.074134,-1.091142,1161
46.074114,-1.091025,1162
46.074023,-1.091043,1163
46.073901,-1.091044,1164
46.073818,-1.09108,1165
46.07373,-1.091118,1166
46.073651,-1.091149,1167
46.073566,-1.091186,1168
46.07347,-1.091216,1169
46.073405,-1.09132,1170
46.073372,-1.091431,1171
46.073382,-1.091567,1172
46.0734,-1.091701,1173
46.073377,-1.091821,1174
46.073368,-1.091949,1175
46.07336,-1.092075,1176
46.073349,-1.092217,1177
46.07333,-1.092348,1178
46.073321,-1.09249,1179
46.073311,-1.09262,1180
46.073311,-1.092746,1181
46.073303,-1.092885,1182
46.073324,-1.093005,1183
46.073305,-1.093151,1184
46.073218,-1.093155,1185
46.073166,-1.093051,1186
46.073221,-1.092931,1187
46.073303,-1.09284,1188
46.073361,-1.092736,1189
46.073392,-1.092602,1190
46.073327,-1.092499,1191
46.073359,-1.092367,1192
46.073362,-1.092194,1193
46.073346,-1.092065,1194
46.073275,-1.091922,1195
46.07317,-1.09187,1196
46.07308,-1.0918,1197
46.073009,-1.091735,1198
46.072927,-1.091682,1199
46.072839,-1.091624,1200
46.072746,-1.091582,1201
46.072656,-1.091596,1202
46.072566,-1.091634,1203
46.072493,-1.091533,1204
46.072463,-1.091418,1205
46.072422,-1.091292,1206
46.072384,-1.091171,1207
46.072387,-1.091054,1208
46.072383,-1.090923,1209
46.072369,-1.0908,1210
46.072353,-1.090671,1211
46.072365,-1.090551,1212
46.07233,-1.090422,1213
46.072306,-1.090283,1214
46.072291,-1.090148,1215
46.072283,-1.090013,1216
46.072257,-1.089885,1217
46.072221,-1.089777,1218
46.072191,-1.089638,1219
46.072188,-1.089494,1220
46.072175,-1.08936,1221
46.072167,-1.089222,1222
46.072159,-1.089098,1223
46.07213,-1.088983,1224
46.072109,-1.088858,1225
46.072118,-1.088713,1226
46.072094,-1.088585,1227
46.072045,-1.088486,1228
46.072024,-1.088354,1229
46.071979,-1.088243,1230
46.071936,-1.088125,1231
46.071928,-1.087983,1232
46.071958,-1.08784,1233
46.071969,-1.087698,1234
46.071954,-1.087562,1235
46.071912,-1.087428,1236
46.071893,-1.087294,1237
46.071846,-1.087171,1238
46.071793,-1.087079,1239
46.071759,-1.086956,1240
46.071721,-1.086827,1241
46.071636,-1.086792,1242
46.071543,-1.086844,1243
46.071455,-1.086893,1244
46.071366,-1.086918,1245
46.071314,-1.087015,1246
46.0713,-1.087146,1247
46.071302,-1.087295,1248
46.071314,-1.087419,1249
46.071327,-1.087554,1250
46.071327,-1.087682,1251
46.071351,-1.087817,1252
46.071365,-1.087965,1253
46.071378,-1.088098,1254
46.071393,-1.088242,1255
46.071411,-1.088369,1256
46.071461,-1.088494,1257
46.071466,-1.088637,1258
46.071499,-1.088769,1259
46.071549,-1.088881,1260
46.071612,-1.088982,1261
46.071667,-1.089069,1262
46.071712,-1.089169,1263
46.071656,-1.089289,1264
46.07167,-1.089454,1265
46.07169,-1.089571,1266
46.071703,-1.089687,1267
46.071708,-1.089804,1268
46.071722,-1.089939,1269
46.071737,-1.090091,1270
46.071745,-1.090216,1271
46.071779,-1.090329,1272
46.071832,-1.090439,1273
46.07184,-1.090575,1274
46.071857,-1.090704,1275
46.071871,-1.090837,1276
46.071893,-1.090982,1277
46.071916,-1.091096,1278
46.071928,-1.091216,1279
46.071945,-1.091331,1280
46.07194,-1.09147,1281
46.071959,-1.091599,1282
46.071974,-1.091736,1283
46.071904,-1.091803,1284
46.071853,-1.091901,1285
46.071842,-1.092023,1286
46.071844,-1.092163,1287
46.07185,-1.092289,1288
46.071845,-1.092413,1289
46.071843,-1.092552,1290
46.071834,-1.092696,1291
46.07181,-1.092831,1292
46.071784,-1.092972,1293
46.071741,-1.093094,1294
46.071655,-1.093136,1295
46.071549,-1.093127,1296
46.071444,-1.093138,1297
46.071346,-1.093139,1298
46.071262,-1.093104,1299
46.071225,-1.092975,1300
46.071208,-1.092855,1301
46.071189,-1.09274,1302
46.071181,-1.09259,1303
46.071168,-1.092465,1304
46.071173,-1.092314,1305
46.071192,-1.092197,1306
46.07119,-1.092025,1307
46.071176,-1.091903,1308
46.071151,-1.091783,1309
46.071134,-1.091646,1310
46.071123,-1.091505,1311
46.071119,-1.091376,1312
46.071125,-1.091257,1313
46.07113,-1.091137,1314
46.071127,-1.091004,1315
46.071104,-1.090891,1316
46.07108,-1.090755,1317
46.071054,-1.090637,1318
46.071058,-1.090468,1319
46.07108,-1.09034,1320
46.071072,-1.090219,1321
46.071036,-1.09011,1322
46.071001,-1.089991,1323
46.070891,-1.089992,1324
46.070782,-1.090027,1325
46.070701,-1.090054,1326
46.070613,-1.090088,1327
46.070533,-1.090113,1328
46.070426,-1.090131,1329
46.070359,-1.090214,1330
46.07038,-1.090329,1331
46.070414,-1.09046,1332
46.070439,-1.090576,1333
46.070482,-1.090708,1334
46.070512,-1.090818,1335
46.070547,-1.090937,1336
46.070556,-1.091062,1337
46.070584,-1.091201,1338
46.070604,-1.091322,1339
46.070633,-1.091459,1340
46.070659,-1.091582,1341
46.070672,-1.091721,1342
46.070684,-1.091854,1343
46.070699,-1.091985,1344
46.070668,-1.092101,1345
46.070587,-1.092083,1346
46.07049,-1.092135,1347
46.070391,-1.092176,1348
46.070305,-1.092216,1349
46.070214,-1.092269,1350
46.070127,-1.09232,1351
46.070037,-1.092365,1352
46.069946,-1.092386,1353
46.069859,-1.092437,1354
46.069772,-1.092509,1355
46.069735,-1.092619,1356
46.069725,-1.092752,1357
46.069708,-1.092867,1358
46.069627,-1.092914,1359
46.069529,-1.09288,1360
46.069434,-1.092866,1361
46.069347,-1.092872,1362
46.069257,-1.092871,1363
46.06916,-1.092867,1364
46.069076,-1.092883,1365
46.068975,-1.09289,1366
46.068879,-1.092885,1367
46.068788,-1.092882,1368
46.068691,-1.092891,1369
46.068603,-1.092904,1370
46.068521,-1.092907,1371
46.068435,-1.092909,1372
46.068344,-1.092918,1373
46.068256,-1.092918,1374
46.068169,-1.092898,1375
46.068086,-1.092894,1376
46.067992,-1.09289,1377
46.067897,-1.092902,1378
46.067809,-1.092913,1379
46.067721,-1.09293,1380
46.067639,-1.092915,1381
46.067549,-1.092907,1382
46.067467,-1.092901,1383
46.067381,-1.092898,1384
46.067292,-1.092907,1385
46.067203,-1.092914,1386
46.067122,-1.092862,1387
46.067102,-1.092735,1388
46.067114,-1.092602,1389
46.067049,-1.092524,1390
46.067024,-1.092383,1391
46.066984,-1.092251,1392
46.066971,-1.092121,1393
46.066901,-1.092037,1394
46.066887,-1.091911,1395
46.066868,-1.091764,1396
46.066841,-1.091646,1397
46.066845,-1.0915,1398
46.06682,-1.091359,1399
46.066808,-1.091215,1400
46.066788,-1.091069,1401
46.066786,-1.090916,1402
46.066765,-1.09078,1403
46.066786,-1.090657,1404
46.066787,-1.090529,1405
46.066782,-1.09041,1406
46.066775,-1.090261,1407
46.06674,-1.090148,1408
46.066718,-1.090011,1409
46.066684,-1.089904,1410
46.066657,-1.08975,1411
46.066631,-1.089605,1412
46.066602,-1.089493,1413
46.066569,-1.08938,1414
46.066528,-1.089264,1415
46.066462,-1.089187,1416
46.066387,-1.08908,1417
46.066326,-1.088971,1418
46.066246,-1.088886,1419
46.066171,-1.088833,1420
46.066095,-1.088878,1421
46.066036,-1.088982,1422
46.065974,-1.089096,1423
46.065917,-1.089211,1424
46.065866,-1.089311,1425
46.065795,-1.089411,1426
46.065725,-1.08951,1427
46.065678,-1.089611,1428
46.065619,-1.089719,1429
46.065575,-1.089817,1430
46.065528,-1.089924,1431
46.065471,-1.090026,1432
46.065465,-1.090169,1433
46.06552,-1.090272,1434
46.065576,-1.090361,1435
46.06566,-1.090423,1436
46.065699,-1.090543,1437
46.065724,-1.090663,1438
46.065772,-1.090793,1439
46.065802,-1.090907,1440
46.065862,-1.091028,1441
46.065898,-1.091134,1442
46.065944,-1.091258,1443
46.066041,-1.091344,1444
46.066129,-1.091365,1445
46.066205,-1.091429,1446
46.066294,-1.091465,1447
46.066392,-1.091456,1448
46.066469,-1.091413,1449
46.066552,-1.091369,1450
46.066638,-1.091342,1451
46.066727,-1.091296,1452
46.066808,-1.091359,1453
46.066846,-1.091467,1454
46.066883,-1.091601,1455
46.066914,-1.091728,1456
46.066962,-1.091856,1457
46.066994,-1.091977,1458
46.067018,-1.092094,1459
46.067055,-1.092201,1460
46.067104,-1.092294,1461
46.06714,-1.092438,1462
46.067154,-1.092583,1463
46.067157,-1.092735,1464
46.067128,-1.092845,1465
46.067038,-1.092881,1466
46.066953,-1.092894,1467
46.066847,-1.092894,1468
46.066753,-1.09291,1469
46.066658,-1.09291,1470
46.066569,-1.092921,1471
46.066475,-1.092939,1472
46.066371,-1.092962,1473
46.066282,-1.092965,1474
46.066177,-1.09296,1475
46.066096,-1.092945,1476
46.066,-1.092927,1477
46.065913,-1.092925,1478
46.065826,-1.092923,1479
46.065732,-1.092943,1480
46.065647,-1.092945,1481
46.065557,-1.092941,1482
46.065455,-1.092947,1483
46.065358,-1.092953,1484
46.065261,-1.092969,1485
46.065158,-1.092993,1486
46.065064,-1.093022,1487
46.064981,-1.093031,1488
46.064882,-1.093033,1489
46.064792,-1.093038,1490
46.064689,-1.093043,1491
46.064602,-1.093044,1492
46.064496,-1.09304,1493
46.064391,-1.093038,1494
46.064298,-1.093063,1495
46.064208,-1.093067,1496
46.064121,-1.093073,1497
46.064029,-1.093064,1498
46.063933,-1.093042,1499
46.063842,-1.093019,1500
46.06373,-1.093009,1501
46.063626,-1.09302,1502
46.063521,-1.093026,1503
46.06343,-1.09301,1504
46.063346,-1.092996,1505
46.06326,-1.093,1506
46.063161,-1.093013,1507
46.063066,-1.093006,1508
46.062975,-1.093018,1509
46.062892,-1.093009,1510
46.062794,-1.093002,1511
46.06271,-1.092991,1512
46.062613,-1.09301,1513
46.062508,-1.093013,1514
46.062414,-1.09304,1515
46.062312,-1.09304,1516
46.06223,-1.092978,1517
46.062155,-1.092881,1518
46.062082,-1.092823,1519
46.06201,-1.09274,1520
46.061952,-1.092647,1521
46.061897,-1.092541,1522
46.061834,-1.092429,1523
46.061774,-1.092313,1524
46.061714,-1.092208,1525
46.061634,-1.092106,1526
46.061568,-1.09203,1527
46.061488,-1.09197,1528
46.061424,-1.091879,1529
46.061362,-1.091778,1530
46.061304,-1.091664,1531
46.061231,-1.091555,1532
46.061182,-1.091453,1533
46.061116,-1.091368,1534
46.061051,-1.091265,1535
46.060979,-1.091174,1536
46.060908,-1.091076,1537
46.060828,-1.091023,1538
46.060742,-1.090946,1539
46.060655,-1.090877,1540
46.06057,-1.090815,1541
46.060487,-1.09074,1542
46.060411,-1.090677,1543
46.060336,-1.090627,1544
46.060251,-1.090559,1545
46.060175,-1.090496,1546
46.060091,-1.090438,1547
46.060019,-1.090382,1548
46.059943,-1.090332,1549
46.059849,-1.090315,1550
46.059761,-1.090298,1551
46.059684,-1.090257,1552
46.059596,-1.090208,1553
46.059515,-1.090156,1554
46.059441,-1.090102,1555
46.059353,-1.090042,1556
46.059267,-1.089976,1557
46.05917,-1.089926,1558
46.059071,-1.089865,1559
46.058997,-1.089784,1560
46.058909,-1.089731,1561
46.058827,-1.089671,1562
46.058748,-1.089613,1563
46.058655,-1.089556,1564
46.058559,-1.089508,1565
46.058469,-1.089474,1566
46.058364,-1.089459,1567
46.058262,-1.089448,1568
46.058162,-1.089435,1569
46.05806,-1.089447,1570
46.057944,-1.089459,1571
46.057846,-1.08948,1572
46.057744,-1.08949,1573
46.057656,-1.08948,1574
46.057569,-1.089478,1575
46.057476,-1.089481,1576
46.057394,-1.089483,1577
46.057288,-1.089491,1578
46.057205,-1.089462,1579
46.057115,-1.089386,1580
46.057039,-1.089317,1581
46.056974,-1.089243,1582
46.05691,-1.08917,1583
46.056831,-1.089146,1584
46.056745,-1.089164,1585
46.056657,-1.089171,1586
46.056575,-1.089184,1587
46.056482,-1.089201,1588
46.056382,-1.089176,1589
46.056278,-1.089139,1590
46.056196,-1.08915,1591
46.056102,-1.089201,1592
46.056032,-1.089269,1593
46.055953,-1.089329,1594
46.05586,-1.089382,1595
46.055773,-1.089391,1596
46.055667,-1.089403,1597
46.05558,-1.089424,1598
46.055487,-1.08944,1599
46.055406,-1.089397,1600
46.055327,-1.089311,1601
46.055276,-1.089212,1602
46.055235,-1.089091,1603
46.055165,-1.089029,1604
46.055066,-1.089036,1605
46.054975,-1.089056,1606
46.054883,-1.089047,1607
46.054784,-1.089048,1608
46.054703,-1.08906,1609
46.054621,-1.089063,1610
46.05453,-1.089069,1611
46.054444,-1.089081,1612
46.054357,-1.089072,1613
46.054265,-1.089034,1614
46.054157,-1.089,1615
46.054057,-1.088971,1616
46.054009,-1.088843,1617
46.053961,-1.088966,1618
46.053908,-1.089104,1619
46.053832,-1.089192,1620
46.053761,-1.089277,1621
46.053693,-1.089352,1622
46.053625,-1.089422,1623
46.053546,-1.089512,1624
46.05348,-1.089587,1625
46.053417,-1.089664,1626
46.053347,-1.089742,1627
46.053284,-1.089832,1628
46.053222,-1.089912,1629
46.053141,-1.090004,1630
46.053065,-1.090076,1631
46.052977,-1.090159,1632
46.052904,-1.09024,1633
46.05283,-1.090325,1634
46.052748,-1.090418,1635
46.052677,-1.090493,1636
46.052599,-1.090573,1637
46.052535,-1.090673,1638
46.052577,-1.090559,1639
46.052652,-1.090466,1640
46.052718,-1.090392,1641
46.052786,-1.090321,1642
46.05286,-1.090239,1643
46.052941,-1.090139,1644
46.053015,-1.090071,1645
46.053078,-1.089996,1646
46.053166,-1.089887,1647
46.053252,-1.089802,1648
46.053344,-1.089718,1649
46.053419,-1.089621,1650
46.053487,-1.089536,1651
46.053569,-1.089453,1652
46.053654,-1.089355,1653
46.053724,-1.089273,1654
46.053797,-1.089221,1655
46.05388,-1.089144,1656
46.053947,-1.089038,1657
46.053985,-1.088905,1658
46.053963,-1.088749,1659
46.053919,-1.088625,1660
46.053856,-1.088537,1661
46.05378,-1.088464,1662
46.053698,-1.088379,1663
46.053636,-1.0883,1664
46.053574,-1.088218,1665
46.053509,-1.08813,1666
46.053461,-1.088018,1667
46.053449,-1.087887,1668
46.053453,-1.087738,1669
46.053483,-1.087609,1670
46.053486,-1.087468,1671
46.053487,-1.087328,1672
46.053492,-1.087196,1673
46.053486,-1.087068,1674
46.053472,-1.086921,1675
46.053454,-1.086772,1676
46.053436,-1.086634,1677
46.053415,-1.086501,1678
46.053384,-1.086393,1679
46.053353,-1.08625,1680
46.053317,-1.086144,1681
46.053275,-1.086039,1682
46.053242,-1.085924,1683
46.053207,-1.085818,1684
46.053195,-1.085688,1685
46.053188,-1.085547,1686
46.053145,-1.085414,1687
46.053112,-1.085278,1688
46.053098,-1.085152,1689
46.053075,-1.084998,1690
46.053053,-1.084856,1691
46.053039,-1.084707,1692
46.053042,-1.084573,1693
46.053048,-1.084456,1694
46.053071,-1.084323,1695
46.053085,-1.0842,1696
46.053096,-1.084077,1697
46.053116,-1.083955,1698
46.053118,-1.083834,1699
46.053122,-1.0837,1700
46.053138,-1.083552,1701
46.053156,-1.083406,1702
46.053238,-1.083437,1703
46.053259,-1.083552,1704
46.05327,-1.083708,1705
46.053355,-1.083676,1706
46.053414,-1.083593,1707
46.053463,-1.083482,1708
46.053495,-1.083361,1709
46.053479,-1.083205,1710
46.053501,-1.083062,1711
46.053501,-1.082933,1712
46.053493,-1.082802,1713
46.053493,-1.082675,1714
46.053495,-1.082551,1715
46.05349,-1.082432,1716
46.053466,-1.082294,1717
46.053452,-1.082174,1718
46.053475,-1.08205,1719
46.053483,-1.081904,1720
46.053487,-1.081774,1721
46.053493,-1.08163,1722
46.053536,-1.081514,1723
46.053527,-1.081376,1724
46.053531,-1.081251,1725
46.053581,-1.081137,1726
46.053629,-1.081035,1727
46.053689,-1.080925,1728
46.053763,-1.080842,1729
46.053836,-1.080755,1730
46.053894,-1.080643,1731
46.053958,-1.080535,1732
46.054019,-1.080449,1733
46.054103,-1.080347,1734
46.054189,-1.080282,1735
46.054256,-1.080194,1736
46.054318,-1.080077,1737
46.054377,-1.079964,1738
46.054432,-1.07984,1739
46.054489,-1.079752,1740
46.05456,-1.079683,1741
46.054635,-1.079603,1742
46.054708,-1.079543,1743
46.054776,-1.079446,1744
46.054838,-1.07934,1745
46.054904,-1.079225,1746
46.054967,-1.079149,1747
46.055042,-1.079056,1748
46.055115,-1.078959,1749
46.05518,-1.078877,1750
46.055248,-1.078758,1751
46.055312,-1.078659,1752
46.055376,-1.078539,1753
46.055457,-1.078432,1754
46.05554,-1.07835,1755
46.055604,-1.07827,1756
46.055674,-1.078166,1757
46.055735,-1.078064,1758
46.055819,-1.077954,1759
46.055888,-1.077853,1760
46.05595,-1.077768,1761
46.056025,-1.077667,1762
46.056084,-1.077534,1763
46.056149,-1.077432,1764
46.056213,-1.077314,1765
46.056268,-1.077196,1766
46.056324,-1.077083,1767
46.056382,-1.076988,1768
46.056441,-1.076907,1769
46.056497,-1.076794,1770
46.056588,-1.07672,1771
46.056662,-1.076656,1772
46.056746,-1.076604,1773
46.056796,-1.076702,1774
46.056839,-1.07682,1775
46.056877,-1.076948,1776
46.056915,-1.077073,1777
46.056948,-1.077183,1778
46.056991,-1.07733,1779
46.057065,-1.077403,1780
46.057128,-1.077488,1781
46.057185,-1.077574,1782
46.057229,-1.077673,1783
46.057282,-1.077797,1784
46.057315,-1.077937,1785
46.057371,-1.078034,1786
46.0574,-1.078186,1787
46.057425,-1.078329,1788
46.057471,-1.078427,1789
46.057543,-1.078499,1790
46.057632,-1.078591,1791
46.057663,-1.07871,1792
46.05768,-1.07884,1793
46.057712,-1.078977,1794
46.057787,-1.079073,1795
46.057821,-1.079206,1796
46.057834,-1.079349,1797
46.057852,-1.079492,1798
46.057867,-1.079647,1799
46.057867,-1.079769,1800
46.057866,-1.079927,1801
46.057847,-1.080077,1802
46.05784,-1.080213,1803
46.057917,-1.080173,1804
46.057966,-1.080051,1805
46.05804,-1.079954,1806
46.058101,-1.07986,1807
46.05816,-1.07976,1808
46.058192,-1.079649,1809
46.058232,-1.079522,1810
46.058246,-1.079398,1811
46.058244,-1.079268,1812
46.058254,-1.079122,1813
46.05828,-1.078981,1814
46.058276,-1.078854,1815
46.058292,-1.078726,1816
46.058299,-1.078598,1817
46.058326,-1.078484,1818
46.058362,-1.078369,1819
46.058406,-1.078248,1820
46.058456,-1.078143,1821
46.058479,-1.078021,1822
46.05852,-1.07789,1823
46.058565,-1.077781,1824
46.058616,-1.077687,1825
46.058662,-1.077558,1826
46.058675,-1.077417,1827
46.058679,-1.077299,1828
46.058706,-1.077178,1829
46.058758,-1.077088,1830
46.058844,-1.077016,1831
46.058922,-1.076953,1832
46.059028,-1.076941,1833
46.059131,-1.076932,1834
46.059216,-1.076945,1835
46.059326,-1.076963,1836
46.059409,-1.076991,1837
46.059507,-1.077019,1838
46.059598,-1.077052,1839
46.05967,-1.077146,1840
46.059674,-1.077298,1841
46.059664,-1.077419,1842
46.059738,-1.077514,1843
46.059842,-1.077539,1844
46.059932,-1.077573,1845
46.060026,-1.077617,1846
46.06011,-1.077653,1847
46.060208,-1.077697,1848
46.06029,-1.077763,1849
46.060365,-1.077821,1850
46.060437,-1.077884,1851
46.060417,-1.078025,1852
46.060386,-1.078144,1853
46.060361,-1.078261,1854
46.060339,-1.078393,1855
46.060296,-1.078533,1856
46.060264,-1.078651,1857
46.060239,-1.078788,1858
46.060213,-1.078909,1859
46.060183,-1.079019,1860
46.060151,-1.07915,1861
46.060136,-1.079285,1862
46.060119,-1.079412,1863
46.060097,-1.079562,1864
46.060071,-1.079691,1865
46.060049,-1.079821,1866
46.060021,-1.079952,1867
46.059996,-1.080083,1868
46.059964,-1.080231,1869
46.059942,-1.080356,1870
46.059921,-1.080487,1871
46.0599,-1.080605,1872
46.059861,-1.080743,1873
46.059844,-1.080868,1874
46.059823,-1.081002,1875
46.059807,-1.081124,1876
46.059797,-1.081246,1877
46.059783,-1.081389,1878
46.05976,-1.08154,1879
46.059748,-1.081682,1880
46.059737,-1.081812,1881
46.059742,-1.081956,1882
46.059723,-1.082088,1883
46.059702,-1.082207,1884
46.059672,-1.082346,1885
46.059654,-1.082486,1886
46.059648,-1.082634,1887
46.059656,-1.082772,1888
46.059617,-1.082891,1889
46.059536,-1.082939,1890
46.059459,-1.082983,1891
46.059386,-1.083053,1892
46.059376,-1.083169,1893
46.059393,-1.083293,1894
46.059421,-1.08343,1895
46.05945,-1.083552,1896
46.059476,-1.083667,1897
46.059487,-1.083803,1898
46.05951,-1.083916,1899
46.059531,-1.084038,1900
46.059529,-1.084177,1901
46.059526,-1.084303,1902
46.05952,-1.08442,1903
46.059517,-1.084565,1904
46.059555,-1.084694,1905
46.059544,-1.084829,1906
46.059535,-1.084967,1907
46.059526,-1.085099,1908
46.059539,-1.085221,1909
46.059557,-1.085352,1910
46.059553,-1.085483,1911
46.059558,-1.085618,1912
46.059578,-1.085738,1913
46.059587,-1.085883,1914
46.059596,-1.086033,1915
46.059604,-1.086177,1916
46.059578,-1.086295,1917
46.059493,-1.086391,1918
46.059409,-1.086421,1919
46.059314,-1.086424,1920
46.05921,-1.086438,1921
46.059102,-1.086473,1922
46.05902,-1.086519,1923
46.058931,-1.086535,1924
46.058842,-1.086542,1925
46.058738,-1.08655,1926
46.058652,-1.086544,1927
46.058583,-1.086457,1928
46.058536,-1.086349,1929
46.058473,-1.086243,1930
46.058419,-1.086117,1931
46.058376,-1.085998,1932
46.058352,-1.085878,1933
46.058321,-1.085723,1934
46.058283,-1.085606,1935
46.058263,-1.085492,1936
46.05819,-1.085408,1937
46.058115,-1.085296,1938
46.058065,-1.085174,1939
46.058041,-1.085049,1940
46.058009,-1.084914,1941
46.057996,-1.084784,1942
46.057989,-1.084641,1943
46.057987,-1.084524,1944
46.057916,-1.084457,1945
46.057826,-1.08446,1946
46.057731,-1.084459,1947
46.057643,-1.08447,1948
46.057547,-1.084479,1949
46.05745,-1.084497,1950
46.057345,-1.084521,1951
46.057243,-1.084525,1952
46.057143,-1.084531,1953
46.05705,-1.084539,1954
46.056954,-1.084558,1955
46.056861,-1.084588,1956
46.056781,-1.084603,1957
46.05668,-1.084615,1958
46.05659,-1.084637,1959
46.056491,-1.084641,1960
46.056385,-1.084662,1961
46.056302,-1.084686,1962
46.05621,-1.084698,1963
46.056116,-1.084716,1964
46.05603,-1.084751,1965
46.055941,-1.084766,1966
46.055829,-1.084773,1967
46.055736,-1.084783,1968
46.055653,-1.084793,1969
46.055563,-1.084802,1970
46.055454,-1.084812,1971
46.055358,-1.084831,1972
46.055267,-1.08484,1973
46.055165,-1.08486,1974
46.055072,-1.084877,1975
46.055016,-1.084762,1976
46.055006,-1.084642,1977
46.054982,-1.084524,1978
46.054899,-1.084617,1979
46.054951,-1.084521,1980
46.054977,-1.084388,1981
46.055046,-1.084268,1982
46.055109,-1.084188,1983
46.055187,-1.084095,1984
46.055255,-1.084001,1985
46.055326,-1.083905,1986
46.05539,-1.083816,1987
46.055474,-1.083735,1988
46.055535,-1.08365,1989
46.05564,-1.083589,1990
46.055723,-1.083574,1991
46.055807,-1.083561,1992
46.055895,-1.083519,1993
46.055979,-1.08348,1994
